{"cameraMode":{"drawMode":0,"name":"Shaded","section":"Shading Mode"},"sceneLighting":false,"audioPlay":false,"sceneViewState":{"showFog":false,"showMaterialUpdate":false,"showSkybox":false,"showFlares":false,"showImageEffects":false,"showParticleSystems":false},"in2DMode":false,"pivot":{"x":2.076993465423584,"y":2.2124593257904054,"z":0.1088951826095581},"rotation":{"x":0.016187729313969613,"y":0.015594365075230599,"z":0.0002522512513678521,"w":-0.9997473359107971},"size":77.35977935791016,"orthographic":false}