{"cameraMode":{"drawMode":0,"name":"Shaded","section":"Shading Mode"},"sceneLighting":false,"audioPlay":false,"sceneViewState":{"showFog":false,"showMaterialUpdate":false,"showSkybox":false,"showFlares":false,"showImageEffects":false,"showParticleSystems":false},"in2DMode":false,"pivot":{"x":-20.345684051513673,"y":-28.700000762939454,"z":0.0},"rotation":{"x":0.08951586484909058,"y":0.03494953736662865,"z":0.003143188077956438,"w":-0.9953670501708984},"size":70.00435638427735,"orthographic":false}